<?xml version="1.0" encoding="UTF-8"?>
<project xmlns="http://maven.apache.org/POM/4.0.0" xmlns:xsi="http://www.w3.org/2001/XMLSchema-instance" xsi:schemaLocation="http://maven.apache.org/POM/4.0.0 http://maven.apache.org/maven-v4_0_0.xsd">
  <modelVersion>4.0.0</modelVersion>
  <groupId>org.example</groupId>
  <artifactId>classifyIMG</artifactId>
  <version>1.0-SNAPSHOT</version>
  <build>
    <plugins>
      <plugin>
        <artifactId>maven-compiler-plugin</artifactId>
        <version>3.8.1</version>
        <configuration>
          <source>${maven.compiler.source}</source>
          <target>${maven.compiler.target}</target>
        </configuration>
      </plugin>
      <plugin>
        <artifactId>maven-shade-plugin</artifactId>
        <version>3.4.1</version>
        <executions>
          <execution>
            <phase>package</phase>
            <goals>
              <goal>shade</goal>
            </goals>
            <configuration>
              <transformers>
                <transformer>
                  <mainClass>org.imgCheckout.Main</mainClass>
                </transformer>
              </transformers>
            </configuration>
          </execution>
        </executions>
      </plugin>
      <plugin>
        <groupId>com.akathist.maven.plugins.launch4j</groupId>
        <artifactId>launch4j-maven-plugin</artifactId>
        <version>2.5.0</version>
        <executions>
          <execution>
            <id>l4j-clui</id>
            <phase>package</phase>
            <goals>
              <goal>launch4j</goal>
            </goals>
            <configuration>
              <headerType>gui</headerType>
              <icon>src/main/resources/img/img-01.ico</icon>
              <outfile>target/${project.artifactId}.exe</outfile>
              <jar>target/${project.artifactId}-${project.version}.jar</jar>
              <jre>
                <path>./jre</path>
                <minVersion>18</minVersion>
                <bundledJre64Bit>true</bundledJre64Bit>
                <runtimeBits>64</runtimeBits>
              </jre>
              <versionInfo>
                <fileVersion>1.0.0.0</fileVersion>
                <txtFileVersion>1.0.0.0</txtFileVersion>
                <fileDescription>classifyIMG</fileDescription>
                <copyright>THE TOOLS</copyright>
                <productVersion>1.0.0.0</productVersion>
                <txtProductVersion>1.0.0.0</txtProductVersion>
                <productName>classify</productName>
                <companyName>FIRELOVER</companyName>
                <internalName>FIRELOVER</internalName>
              </versionInfo>
            </configuration>
          </execution>
        </executions>
      </plugin>
    </plugins>
  </build>
  <properties>
    <maven.compiler.target>18</maven.compiler.target>
    <maven.compiler.source>18</maven.compiler.source>
    <project.build.sourceEncoding>UTF-8</project.build.sourceEncoding>
  </properties>
</project>
